mde_pp,power,n_per_arm,n_total,pct_of_pool
1.0,0.8,6745,13490,0.004496666666666667
1.0,0.9,9030,18060,0.006020000000000001
2.0,0.8,1863,3726,0.0012420000000000003
2.0,0.9,2494,4988,0.001662666666666667
3.0,0.8,906,1812,0.000604
3.0,0.9,1212,2424,0.0008080000000000001
5.0,0.8,381,762,0.00025400000000000005
5.0,0.9,509,1018,0.00033933333333333336
